{"stats":{"minecraft:killed_by":{"undead_revamp2:the_moonflower":1},"minecraft:picked_up":{"minecraft:dirt":5},"minecraft:mined":{"minecraft:grass":1,"minecraft:grass_block":5},"minecraft:custom":{"minecraft:jump":76,"minecraft:time_since_rest":492,"minecraft:leave_game":1,"minecraft:deaths":1,"minecraft:walk_on_water_one_cm":296,"minecraft:sprint_one_cm":8346,"minecraft:play_time":2721,"minecraft:damage_taken":240,"minecraft:time_since_death":0,"minecraft:walk_one_cm":4090,"minecraft:total_world_time":2721,"minecraft:fall_one_cm":753,"minecraft:fly_one_cm":23508},"minecraft:used":{"minecraft:dirt":5}},"DataVersion":3465}