{"stats":{"minecraft:killed_by":{"undead_revamp2:the_moonflower":1},"minecraft:picked_up":{"minecraft:dirt":5},"minecraft:mined":{"minecraft:grass":1,"minecraft:grass_block":5},"minecraft:custom":{"minecraft:time_since_rest":2157,"minecraft:crouch_one_cm":603,"minecraft:sprint_one_cm":17625,"minecraft:play_time":16399,"minecraft:deaths":2,"minecraft:damage_taken":320,"minecraft:walk_one_cm":28683,"minecraft:sneak_time":383,"minecraft:walk_under_water_one_cm":105,"minecraft:drop":1,"minecraft:jump":220,"minecraft:damage_dealt":18,"minecraft:leave_game":2,"minecraft:walk_on_water_one_cm":457,"minecraft:time_since_death":2298,"minecraft:total_world_time":16399,"minecraft:swim_one_cm":514,"minecraft:fall_one_cm":753,"minecraft:fly_one_cm":54836},"minecraft:dropped":{"tombstone:grave_dust":1},"minecraft:used":{"quark:stripped_spruce_post":54,"minecraft:dirt":5,"minecraft:quartz_slab":65,"minecraft:grass_block":15,"minecraft:quartz_block":24,"tombstone:gift":2,"alexsmobs:animal_dictionary":1}},"DataVersion":3465}