{"stats":{"minecraft:killed_by":{"undead_revamp2:the_moonflower":1},"minecraft:picked_up":{"minecraft:dirt":5},"minecraft:mined":{"minecraft:grass":1,"minecraft:grass_block":5},"minecraft:custom":{"minecraft:time_since_rest":4239,"minecraft:crouch_one_cm":332,"minecraft:sprint_one_cm":10292,"minecraft:play_time":8284,"minecraft:deaths":1,"minecraft:damage_taken":320,"minecraft:walk_one_cm":14388,"minecraft:sneak_time":176,"minecraft:drop":1,"minecraft:jump":118,"minecraft:damage_dealt":18,"minecraft:leave_game":1,"minecraft:walk_on_water_one_cm":296,"minecraft:time_since_death":5272,"minecraft:total_world_time":8284,"minecraft:fall_one_cm":753,"minecraft:fly_one_cm":27717},"minecraft:dropped":{"tombstone:grave_dust":1},"minecraft:used":{"quark:stripped_spruce_post":14,"minecraft:dirt":5,"minecraft:grass_block":15,"minecraft:quartz_block":16,"tombstone:gift":2,"alexsmobs:animal_dictionary":1}},"DataVersion":3465}